<?xml version="1.0" encoding="utf-8"?>
<CustomKeySet derivedfrom="Mac" modifieddefault="true">
   <Context id="Global">
      <Action id="evaluate-selection">
         <Stroke code="VK_F7" shift="on"/>
         <Stroke code="VK_F5"/>
         <Stroke code="VK_F9"/>
      </Action>
      <Action id="debug-continue">
         <Stroke alt="on" code="VK_R" meta="on" sysctrl="on"/>
      </Action>
      <Action id="run-all-tests">
         <Stroke alt="on" code="VK_R" meta="on" sysctrl="on"/>
      </Action>
      <Action id="start-simulation">
         <Stroke alt="on" code="VK_R" meta="on" sysctrl="on"/>
      </Action>
   </Context>
</CustomKeySet>